ID;user;password;email;nome;cognome;stato;citta;indirizzo;0
1;buonvinogino;Lp7!zR84;ginobuonvino@knifemail.com;Gino;Buonvino;Italy;Imola;Via Mazzini 4, 40026 Imola?;1
2;tohnjohn;Fg9#Tr62;johntohn@knifemail.com;John;Tohn;Italy;Vigevano;Corso V. Emanuele II 25, 27029 Vigevano?;1
3;baguettebenois;Rv1$Xe93;benoisbaguette@knifemail.com;Benois;Baguette;France;Paris;24 Rue de l'Exposition, 75007 Paris?;1
4;pesciroberto;Tk5&Lw27;robertopesci@knifemail.com;Roberto;Pesci;Italy;Legnano;Piazza San Magno 9, 20025 Legnano?;1
5;palombasauro;Mp3@Hr56;sauropalomba@knifemail.com;Sauro;Palomba;Italy;Faenza;Piazza del Popolo 31, 48018 Faenza?;1
6;impeiluca;Nz8!Ja35;lucaimpei@knifemail.com;Luca;Impei;Italy;Quartu Sant'Elena;Via Eligio Porcu, 09045 Quartu Sant'Elena?;1
7;rossidino;Sk2^Qe91;dinorossi@knifemail.com;Dino;Rossi;Italy;Olbia;Via Vittorio Emanuele III 1, 07026 Olbia?;1
8;novotarskymariia;Rt7!Wm54;mariianovotarsky@knifemail.com;Mariia;Novotarsky;Czech Republic;Olomouc;T?�da Svobody 1, 779 00 Olomouc?;1
9;leonoscar;Vy3$Hn26;oscarleon@knifemail.com;Oscar;Leon;Italy;Bitonto;Corso Vittorio Emanuele 14, 70032 Bitonto?;1
10;pierimarco;Qk8%Zs47;marcopieri@knifemail.com;Marco;Pieri;Italy;Manfredonia;Corso Vittorio Emanuele 1, 71043 Manfredonia?;1
11;criscuololorenzo;Lm9#Bt31;lorenzocriscuolo@knifemail.com;Lorenzo;Criscuolo;Italy;Lamezia Terme;Via del Mare 1, 88046 Lamezia Terme?;1
12;bigazzimattia;Hd4!Gn82;mattiabigazzi@knifemail.com;Mattia;Bigazzi;Italy;Modica;Corso Umberto I 1, 97015 Modica?;1
13;hatajfiorello;Wx3@Lp65;fiorellohataj@knifemail.com;Fiorello;Hataj;Slovakia;Bratislava;Hlavn� n�mestie 1, 811 01 Bratislava?;1
14;galassiniccolo;Zt2$Mj71;niccologalassi@knifemail.com;Niccolo;Galassi;Italy;Rho;Via Marconi 1, 20017 Rho?;1
15;demurtasarianna;Bn7!Qx52;ariannademurtas@knifemail.com;Arianna;Demurtas;Sardinia;Oristano;Via Ciutadella de Menorca 1, 09170 Oristano?;1
16;habiliragip;Fy9@Rw48;ragiphabili@knifemail.com;Ragip;Habili;Albania;Pogradec;Bulevardi Bjeshk�t e Nemuno 1, 7001 Pogradec?;1
17;vecchiatomichael;Pk5!Vt63;michaelvecchiato@knifemail.com;Michael;Vecchiato;Italy;Lecco;Via Resinelli 1, 23900 Lecco?;1
18;ttuyungim;Ms4%Zp89;imttuyung@knifemail.com;Im;Ttuyung;Philippines;Davao;Magallanes St 1, Davao City?;1
19;ozmax;Hj6#Nc24;maxoz@knifemail.com;Max;Oz;Turkey;Ankara;Atat�rk Bulvar? 1, 06690 Ankara?;1
20;shirocky;Dv8!Ly91;rockyshi@knifemail.com;Rocky;Shi;Japan;Osaka;Chuo Dori 1-1, 530-0001 Osaka?;1
21;pingliu;Wx2&Km34;liuping@knifemail.com;Liu;Ping;China;Shanghai;Nanjing Lu 1, 200001 Shanghai?;1
22;cartasilvia;Rq5$Pt73;silviacarta@knifemail.com;Silvia;Carta;Italy;Nuoro;Via Mereu 1, 08100 Nuoro?;1
23;stracciaantonio;Tj9#Zr81;antoniostraccia@knifemail.com;Antonio;Straccia;Italy;Fano;Corso Mazzini 1, 61032 Fano?;1
24;tottifrancesco;Hp6@Vd25;francescototti@knifemail.com;Francesco;Totti;Italy;Cesena;Piazza del Popolo 1, 47521 Cesena?;1
25;virgolinifrancesco;Cy8&Qw57;francescovirgolini@knifemail.com;Francesco;Virgolini;Italy;Terni;Corso Tacito 1, 05100 Terni?;1
26;rossigiovanni;Sn3!Lz49;giovannirossi@knifemail.com;Giovanni;Rossi;Italy;Sora;Via Cavour 1, 03036 Sora?;1
27;bianchiandrea;Kd7#Xp62;andreabianchi@knifemail.com;Andrea;Bianchi;Italy;Biella;Via La Marmora 1, 13900 Biella?;1
28;romanosimone;Gl5$Vr19;simoneromano@knifemail.com;Simone;Romano;Italy;Novara;Corso Cavour 1, 28100 Novara?;1
29;colombostefano;Bj6!Ht48;stefanocolombo@knifemail.com;Stefano;Colombo;Italy;Carpi;Via Dante 1, 41034 Carpi?;1
30;riccidaniele;Mw2^Qp73;danielericci@knifemail.com;Daniele;Ricci;Italy;Monfalcone;Via Pisano 1, 34014 Monfalcone?;1
31;ferraririccardo;Px8@Dr52;riccardoferrari@knifemail.com;Riccardo;Ferrari;Italy;Noto;Corso Vittorio Emanuele 1, 96017 Noto;1
32;morettipaolo;Sz3!Kt91;paolomoretti@knifemail.com;Paolo;Moretti;Italy;Niscemi;Piazza Vittorio Emanuele, 93015 Niscemi?;1
33;grecodavide;Vr9#Gn86;davidegreco@knifemail.com;Davide;Greco;Italy;Andria;Corso Vittorio Emanuele 1, 76123 Andria?;1
34;lombardiemanuele;Lc7&Xq15;emanuelelombardi@knifemail.com;Emanuele;Lombardi;Italy;Barletta;Corso Garibaldi 1, 76121 Barletta?;1
35;gallofilippo;Hs5!Pw39;filippogallo@knifemail.com;Filippo;Gallo;Italy;Jesi;Piazza Federico II 1, 60035 Jesi?;1
36;costasergio;Td4$Az91;sergiocosta@knifemail.com;Sergio;Costa;Italy;Tolentino;Piazza Libert� 3, 62029 Tolentino?;1
37;giordanopietro;Qr9%Jx62;pietrogiordano@knifemail.com;Pietro;Giordano;Italy;Civitanova Marche;Via P. Gobetti 134, 62012 Civitanova Marche?;1
38;contimatteo;Ny6@Tc71;matteoconti@knifemail.com;Matteo;Conti;Italy;Foligno;Piazzale Unit� d'Italia 1, 06034 Foligno?;1
39;de lucaenrico;Vp8!Gz54;enricode luca@knifemail.com;Enrico;De Luca;Italy;Orvieto;Via Garibaldi 8, 05018 Orvieto?;1
40;mancinialberto;Kr2$Bd63;albertomancini@knifemail.com;Alberto;Mancini;Italy;Fiumicino;Via Tempio della Fortuna 52b, 00054 Fiumicino?;1
41;marinotommaso;Zf7^Mw38;tommasomarino@knifemail.com;Tommaso;Marino;Italy;Bassano del Grappa;Viale delle Fosse 1, 36061 Bassano del Grappa?;1
42;rizzogabriele;Lh5@Qv82;gabrielerizzo@knifemail.com;Gabriele;Rizzo;Italy;Monfalcone;Via Pisano 1, 34014 Monfalcone?;1
43;carusoleonardo;Gx3!Nr27;leonardocaruso@knifemail.com;Leonardo;Caruso;Italy;Pistoia;Corso Antica Roma 1, 51100 Pistoia?;1
44;ferraroedoardo;Tk8#Py65;edoardoferraro@knifemail.com;Edoardo;Ferraro;Italy;Sarzana;Via del Prato 1, 19038 Sarzana?;1
45;fontanagiuseppe;Cr9!Zw32;giuseppefontana@knifemail.com;Giuseppe;Fontana;Italy;Sassuolo;Via Roma 1, 41049 Sassuolo?;1
46;barbierisalvatore;Vm4@Lf76;salvatorebarbieri@knifemail.com;Salvatore;Barbieri;Italy;Carpi;Via Dante 1, 41034 Carpi?;1
47;martinifederico;Ns7$Qb91;federicomartini@knifemail.com;Federico;Martini;Italy;Montebelluna;Via Colombo 1, 31044 Montebelluna?;1
48;santoronicola;Dj5#He24;nicolasantoro@knifemail.com;Nicola;Santoro;Italy;Lucca;Piazza Napoleone 1, 55100 Lucca?;1
49;gattimauro;Pw8!Kc39;maurogatti@knifemail.com;Mauro;Gatti;Italy;Foligno;Piazzale Unit� d'Italia 1, 06034 Foligno?;1
50;vitaleraffaele;Gl6%Xr72;raffaelevitale@knifemail.com;Raffaele;Vitale;Italy;Orvieto;Via Garibaldi 8, 05018 Orvieto?;1
51;ferrijacopo;Hb7@Zn54;jacopoferri@knifemail.com;Jacopo;Ferri;Italy;Fiumicino;Via Tempio della Fortuna 52b, 00054 Fiumicino?;1
52;monticristian;Qk9!Tv63;cristianmonti@knifemail.com;Cristian;Monti;Italy;Bassano del Grappa;Viale delle Fosse 1, 36061 Bassano del Grappa?;1
53;serrakevin;Fj2^Rp78;kevinserra@knifemail.com;Kevin;Serra;Italy;Monfalcone;Via Pisano 1, 34014 Monfalcone?;1
54;pellegriniloren;Nx8@Qz15;lorenpellegrini@knifemail.com;Loren;Pellegrini;Italy;Pistoia;Corso Antica Roma 1, 51100 Pistoia?;1
55;longoethan;Vs5!Ko92;ethanlongo@knifemail.com;Ethan;Longo;Italy;Sarzana;Via del Prato 1, 19038 Sarzana?;1
56;gentilenoah;Tl4$Bp63;noahgentile@knifemail.com;Noah;Gentile;Italy;Sassuolo;Via Roma 1, 41049 Sassuolo?;1
57;martinooliver;Pw9@Lt37;olivermartino@knifemail.com;Oliver;Martino;Italy;Carpi;Via Dante 1, 41034 Carpi?;1
58;bernardiliam;Xc8!Rv25;liambernardi@knifemail.com;Liam;Bernardi;Italy;Montebelluna;Via Colombo 1, 31044 Montebelluna?;1
59;lorenziarthur;Hr3#Qz58;arthurlorenzi@knifemail.com;Arthur;Lorenzi;Italy;Lucca;Piazza Napoleone 1, 55100 Lucca?;1
60;de angelislucas;Dj7!Kv46;lucasde angelis@knifemail.com;Lucas;De Angelis;Italy;Foligno;Piazzale Unit� d'Italia 1, 06034 Foligno?;1
61;parisibenjamin;Lp9$Fw62;benjaminparisi@knifemail.com;Benjamin;Parisi;Italy;Orvieto;Via Garibaldi 8, 05018 Orvieto?;1
62;amicowilliam;Nq6@Tb34;williamamico@knifemail.com;William;Amico;Italy;Fiumicino;Via Tempio della Fortuna 52b, 00054 Fiumicino?;1
63;nerielijah;Vr8!Gd91;elijahneri@knifemail.com;Elijah;Neri;Italy;Bassano del Grappa;Viale delle Fosse 1, 36061 Bassano del Grappa?;1
64;brunojulian;Mk3#Hy24;julianbruno@knifemail.com;Julian;Bruno;Italy;Monfalcone;Via Pisano 1, 34014 Monfalcone?;1
65;bianconathan;Qz7@Rp56;nathanbianco@knifemail.com;Nathan;Bianco;Italy;Pistoia;Corso Antica Roma 1, 51100 Pistoia?;1
66;marianiadrian;Sb5!Vn83;adrianmariani@knifemail.com;Adrian;Mariani;Italy;Sarzana;Via del Prato 1, 19038 Sarzana?;1
67;guerravictor;Xg8#Lq27;victorguerra@knifemail.com;Victor;Guerra;Italy;Sassuolo;Via Roma 1, 41049 Sassuolo?;1
68;palmieridaniel;Zr6@Dw48;danielpalmieri@knifemail.com;Daniel;Palmieri;Italy;Carpi;Via Dante 1, 41034 Carpi;1
69;rinaldisamuel;Tl5!Pj71;samuelrinaldi@knifemail.com;Samuel;Rinaldi;Italy;Montebelluna;Via Colombo 1, 31044 Montebelluna?;1
70;testagabriel;Fy7$Qr19;gabrieltesta@knifemail.com;Gabriel;Testa;Italy;Lucca;Piazza Napoleone 1, 55100 Lucca?;1
71;montanarijack;Lm9!Sk34;jackmontanari@knifemail.com;Jack;Montanari;Italy;Foligno;Piazzale Unit� d'Italia 1, 06034 Foligno?;1
72;giulianijames;Gr2@Vw58;jamesgiuliani@knifemail.com;James;Giuliani;Italy;Orvieto;Via Garibaldi 8, 05018 Orvieto?;1
73;basileryan;Nb6!Xp71;ryanbasile@knifemail.com;Ryan;Basile;Italy;Fiumicino;Via Tempio della Fortuna 52b, 00054 Fiumicino?;1
74;paganialex;Kt8$Hr25;alexpagani@knifemail.com;Alex;Pagani;Italy;Bassano del Grappa;Viale delle Fosse 1, 36061 Bassano del Grappa?;1
75;leonechristian;Vc7@Ln42;christianleone@knifemail.com;Christian;Leone;Italy;Monfalcone;Via Pisano 1, 34014 Monfalcone?;1
76;bellinicarlos;Pj9!Dw63;carlosbellini@knifemail.com;Carlos;Bellini;Italy;Pistoia;Corso Antica Roma 1, 51100 Pistoia?;1
77;fabbrijuan;Xq3#Vz84;juanfabbri@knifemail.com;Juan;Fabbri;Italy;Sarzana;Via del Prato 1, 19038 Sarzana?;1
78;salluis;Ls8@Pr26;luissal@knifemail.com;Luis;Sal;Italy;Sassuolo;Via Roma 1, 41049 Sassuolo?;1
79;donatidiego;Rn6!Qy57;diegodonati@knifemail.com;Diego;Donati;Italy;Carpi;Via Dante 1, 41034 Carpi?;1
80;cattaneomiguel;Mw7$Hx31;miguelcattaneo@knifemail.com;Miguel;Cattaneo;Italy;Montebelluna;Via Colombo 1, 31044 Montebelluna?;1
81;orlandofernando;Bk9!Rt42;fernandoorlando@knifemail.com;Fernando;Orlando;Italy;Lucca;Piazza Napoleone 1, 55100 Lucca?;1
82;vitolajose;Hl5@Qn83;josevitola@knifemail.com;Jose;Vitola;Italy;Foligno;Piazzale Unit� d'Italia 1, 06034 Foligno?;1
83;ruggieripablo;Fs2#Dy74;pabloruggieri@knifemail.com;Pablo;Ruggieri;Italy;Orvieto;Via Garibaldi 8, 05018 Orvieto?;1
84;sorrentinosantiago;Zn8!Kx31;santiagosorrentino@knifemail.com;Santiago;Sorrentino;Italy;Fiumicino;Via Tempio della Fortuna 52b, 00054 Fiumicino?;1
85;rizzimartin;Rd6@Vm49;martinrizzi@knifemail.com;Martin;Rizzi;Italy;Bassano del Grappa;Viale delle Fosse 1, 36061 Bassano del Grappa?;1
86;baroneandres;Gj7#Pw63;andresbarone@knifemail.com;Andres;Barone;Italy;Monfalcone;Via Pisano 1, 34014 Monfalcone?;1
87;sannamateo;Tp9!Hc24;mateosanna@knifemail.com;Mateo;Sanna;Italy;Pistoia;Corso Antica Roma 1, 51100 Pistoia?;1
88;farinalucas;Lx2@Rf68;lucasfarina@knifemail.com;Lucas;Farina;Italy;Sarzana;Via del Prato 1, 19038 Sarzana?;1
89;valentinicolas;Vz8!Nj35;nicolasvalenti@knifemail.com;Nicolas;Valenti;Italy;Sassuolo;Via Roma 1, 41049 Sassuolo?;1
90;silvestritommy;Fy6%Bw79;tommysilvestri@knifemail.com;Tommy;Silvestri;Italy;Carpi;Via Dante 1, 41034 Carpi?;1
91;piraspeter;Qp4!Xs21;peterpiras@knifemail.com;Peter;Piras;Italy;Montebelluna;Via Colombo 1, 31044 Montebelluna?;1
92;caputostefan;Nk9@Vj54;stefancaputo@knifemail.com;Stefan;Caputo;Italy;Lucca;Piazza Napoleone 1, 55100 Lucca?;1
93;mazziandrei;Cz7#Qt83;andreimazzi@knifemail.com;Andrei;Mazzi;Italy;Foligno;Piazzale Unit� d'Italia 1, 06034 Foligno?;1
94;grasomarkus;Hr5!Xd69;markusgraso@knifemail.com;Markus;Graso;Italy;Orvieto;Via Garibaldi 8, 05018 Orvieto?;1
95;pagliucahans;Mb3@Lf72;hanspagliuca@knifemail.com;Hans;Pagliuca;Germany;Munich;Kaufingerstra�e 1, 80331 Munich?;1
96;de santistobias;Pw8!Qz41;tobiasde santis@knifemail.com;Tobias;De Santis;Germany;Hamburg;Jungfernstieg 1, 20095 Hamburg?;1
97;locatelliflorian;Tn9$Vr53;florianlocatelli@knifemail.com;Florian;Locatelli;Germany;Cologne;Hohe Stra�e 1, 50667 Cologne;1
98;rossettijonas;Kx6@Bj98;jonasrossetti@knifemail.com;Jonas;Rossetti;Germany;Frankfurt;R�merberg 23, 60311 Frankfurt?;1
99;fioreerik;Jm4!Tp63;erikfiore@knifemail.com;Erik;Fiore;Germany;Stuttgart;K�nigstra�e 1, 70173 Stuttgart?;1
100;bernasconikarl;Vq8^Hr29;karlbernasconi@knifemail.com;Karl;Bernasconi;Germany;Dusseldorf;K�nigsallee 1, 40545 D�sseldorf?;1
101;moltenirene;Lz7!Dw45;renemolteni@knifemail.com;Rene;Molteni;Germany;Nuremberg;Lorenzstra�e 1, 90402 Nuremberg?;1
102;bertinimilan;Fx9@Rp62;milanbertini@knifemail.com;Milan;Bertini;Germany;Essen;Mittelstra�e 10, 45127 Essen?;1
103;salajakub;Nt6!Qv78;jakubsala@knifemail.com;Jakub;Sala;Germany;Dresden;Fritz-L�ffler-Stra�e 16, 01069 Dresden?;1
104;puglieseadam;Pr5$Lx31;adampugliese@knifemail.com;Adam;Pugliese;Germany;Leipzig;Br�hl 52, 04109 Leipzig?;1
105;costantinitomas;Gw8!Hz54;tomascostantini@knifemail.com;Tomas;Costantini;Germany;Mannheim;U4,1, 68161 Mannheim?;1
106;casiniivan;Qd9@Tb26;ivancasini@knifemail.com;Ivan;Casini;Germany;Bremen;Grolmanstra�e 78, 28197 Bremen?;1
107;mazzaviktor;Vt4!Kn95;viktormazza@knifemail.com;Viktor;Mazza;Germany;Munich;Hansastr. 39, 81373 Munich?;1
108;fiorentinolukas;Lc7#Pw21;lukasfiorentino@knifemail.com;Lukas;Fiorentino;Germany;Hamburg;Beiersdorfstra�e 1, 22529 Hamburg?;1
109;magnanipavel;Nr8@Fj63;pavelmagnani@knifemail.com;Pavel;Magnani;Germany;Cologne;Neustadt-Nord 10, 50674 Cologne?;1
110;toscanomarek;Sz5!Vx37;marektoscano@knifemail.com;Marek;Toscano;Italy;Siena;Via Esterna di Fontebranda 27, 53100 Siena?;1
111;venturaroman;Pk8@Hm62;romanventura@knifemail.com;Roman;Ventura;Hungary;Budapest;Bajcsy-Zsilinszky �t 16, 1051 Budapest?;1
112;pirijiri;Lf9!Qp25;jiripiri@knifemail.com;Jiri;Piri;Hungary;Debrecen;Sinai Miklos Utca 11, 4027 Debrecen?;1
113;benedettifilip;Vr3#Tn41;filipbenedetti@knifemail.com;Filip;Benedetti;Hungary;Szeged;Szegedi �t 10, 6725 Szeged?;1
114;landirobert;Mb7!Zs68;robertlandi@knifemail.com;Robert;Landi;Hungary;Miskolc;Kossuth Lajos utca 12, 3530 Miskolc?;1
115;fabbromikhail;Qt4$Dy93;mikhailfabbro@knifemail.com;Mikhail;Fabbro;Hungary;P�cs;Irgalmasok utc�ja 5, 7621 P�cs?;1
116;coppolaartem;Nx8!Hw25;artemcoppola@knifemail.com;Artem;Coppola;Hungary;Gy?r;Baross G�bor �t 15, 9021 Gy?r?;1
117;serafinidmitri;Pz9@Gb56;dmitriserafini@knifemail.com;Dmitri;Serafini;Czech Republic;Prague;Kopretinov� 13, 10600 Prague?;1
118;rivaalexei;Lj6!Rf34;alexeiriva@knifemail.com;Alexei;Riva;Czech Republic;Brno;Havelk� 65, 60200 Brno?;1
119;benettisergey;Kq7#Xy82;sergeybenetti@knifemail.com;Sergey;Benetti;Czech Republic;Ostrava;Proke�ovo n�m?st� 8, 72930 Ostrava?;1
120;alfieriigor;Wp5@Vr91;igoralfieri@knifemail.com;Igor;Alfieri;Czech Republic;Plzen;�i�kova 850, 30100 Plzen?;1
121;carlinikita;Dz3!Ht46;nikitacarli@knifemail.com;Nikita;Carli;Czech Republic;Liberec;N�rodn� 20, 46001 Liberec?;1
122;bassioleg;Fs8@Lq29;olegbassi@knifemail.com;Oleg;Bassi;Czech Republic;Olomouc;T. G. Masaryka 25, 77900 Olomouc?;1
123;ferrettivladislav;Yv6!Rn53;vladislavferretti@knifemail.com;Vladislav;Ferretti;Czech Republic;?esk� Bud?jovice;U ?esk�ch Bud?jovic 30, 37001 ?esk� Bud?jovice?;1
124;rossiyuri;Gr7$Pk84;yurirossi@knifemail.com;Yuri;Rossi;Czech Republic;Hradec Kr�lov�;Goethova 12, 50003 Hradec Kr�lov�?;1
125;bergmannalexandru;Ht9@Wz32;alexandrubergmann@knifemail.com;Alexandru;Bergmann;Czech Republic;�st� nad Labem;F�gnerova 8, 40001 �st� nad Labem?;1
126;m�llercristian;Lm5!Qy78;cristianm�ller@knifemail.com;Cristian;M�ller;Czech Republic;Pardubice;N�m?st� Republiky 15, 53002 Pardubice?;1
127;fischerbogdan;Xc8^Dr45;bogdanfischer@knifemail.com;Bogdan;Fischer;Germany;Kromeriz;Velk� n�m?st� 22, 76101 Kromeriz?;1
128;weberdragos;Tj2!Vn91;dragosweber@knifemail.com;Dragos;Weber;Germany;Opava;N�dra�n� 35, 74601 Opava?;1
129;schneidermihai;Mw7#Lp36;mihaischneider@knifemail.com;Mihai;Schneider;Germany;Tabor;N�m?st� 10, 39002 Tabor?;1
130;huberflorin;Hr9@Fk82;florinhuber@knifemail.com;Florin;Huber;Germany;Prachatice;Husova 18, 37001 Prachatice?;1
131;lehmannlucian;Gt8!Zw51;lucianlehmann@knifemail.com;Lucian;Lehmann;Germany;Kutna Hora;Jakubsk� 301, 28401 Kutna Hora?;1
132;wagnerpaul;Dp6@Rn93;paulwagner@knifemail.com;Paul;Wagner;Germany;Hamburg;Mittelstra�e 10, 45127 Hamburg?;1
133;beckerradu;Xh5!Vq42;radubecker@knifemail.com;Radu;Becker;Germany;Cologne;Neustadt-Nord 10, 50674 Cologne?;1
134;kellercosmin;Jm8$Kc75;cosminkeller@knifemail.com;Cosmin;Keller;Germany;Dresden;Fritz-L�ffler-Stra�e 16, 01069 Dresden?;1
135;reinhardtgabriela;Pr9!Ds61;gabrielareinhardt@knifemail.com;Gabriela;Reinhardt;Germany;Munich;Hansastr. 39, 81373 Munich?;1
136;schulzchiara;Zv4@Ht83;chiaraschulz@knifemail.com;Chiara;Schulz;Germany;Stuttgart;K�nigstra�e 26, 70173 Stuttgart?;1
137;sommerlaura;Kl7!Pw29;laurasommer@knifemail.com;Laura;Sommer;Germany;Essen;Huyssenallee 68, 45128 Essen?;1
138;hofmannelena;Qx9#Tb62;elenahofmann@knifemail.com;Elena;Hofmann;Germany;Frankfurt;Zeil 100, 60313 Frankfurt?;1
139;schr�derfedericha;Hr5@Vc18;federichaschr�der@knifemail.com;Federicha;Schr�der;Germany;Bonn;K�lnstra�e 12, 53111 Bonn?;1
140;bauergiulia;Mw8!Qz34;giuliabauer@knifemail.com;Giulia;Bauer;Germany;Nuremberg;K�nigstra�e 50, 90402 Nuremberg?;1
141;krausmartina;Ls3@Rn91;martinakraus@knifemail.com;Martina;Kraus;Germany;Hannover;Maschstra�e 22, 30169 Hannover?;1
142;brandtclara;Xp7#Kd28;clarabrandt@knifemail.com;Clara;Brandt;Germany;Duisburg;Friedrich-Wilhelm-Stra�e 15, 47051 Duisburg?;1
143;vogelbeatrice;Jt8!Vw36;beatricevogel@knifemail.com;Beatrice;Vogel;Germany;Wuppertal;Luisenstra�e 33, 42285 Wuppertal?;1
144;friedrichteresa;Nq9@Gb41;teresafriedrich@knifemail.com;Teresa;Friedrich;Germany;Bielefeld;August-Bebel-Stra�e 20, 33602 Bielefeld?;1
145;zimmermannanna;Cz5!Hp67;annazimmermann@knifemail.com;Anna;Zimmermann;Germany;Bonn;K�lnstra�e 12, 53111 Bonn?;1
146;haascamilla;Vk7@Wr84;camillahaas@knifemail.com;Camilla;Haas;Germany;Munich;Hansastr. 39, 81373 Munich?;1
147;langalice;Lm8!Ds32;alicelang@knifemail.com;Alice;Lang;Italy;Buonconvento;Via del Piano 5, 53041 Buonconvento?;1
148;schmittelisa;Fx9#Rt25;elisaschmitt@knifemail.com;Elisa;Schmitt;Norway;Oslo;Karl Johans gate 25, 0159 Oslo?;1
149;winternoemi;Qp6@Ly52;noemiwinter@knifemail.com;Noemi;Winter;Italy;Pienza;Corso il Rossellino 100, 53026 Pienza?;1
150;sch�fervalentina;Vr7!Hn64;valentinasch�fer@knifemail.com;Valentina;Sch�fer;Russia;Saint Petersburg;;1
151;k�nigsara;Tk8$Qw91;sarak�nig@knifemail.com;Sara;K�nig;Italy;Piacenza;Via XXIV Maggio 12, 29121 Piacenza?;1
152;grafpaola;Pz9!Gb35;paolagraf@knifemail.com;Paola;Graf;Italy;Castelnuovo Berardenga;Localit� Castelnuovo 80, 53019 Castelnuovo Berardenga?;1
153;vargalucia;Hn3@Rv72;luciavarga@knifemail.com;Lucia;Varga;Italy;Bari;Via Sparano da Bari 152, 70121 Bari?;1
154;kovacscarla;Ds8!Lp64;carlakovacs@knifemail.com;Carla;Kovacs;Italy;Orsenigo;Via Provinciale 45, 22034 Orsenigo?;1
155;horvathmaria;Jx7#Qv82;mariahorvath@knifemail.com;Maria;Horvath;Italy;Poggibonsi;Via Garibaldi 25, 53036 Poggibonsi?;1
156;szabosofia;Mw5@Gn41;sofiaszabo@knifemail.com;Sofia;Szabo;Poland;Warsaw;ul. Marsza?kowska 10/5, 00-001 Warszawa?;1
157;nagyemma;Lq8!Dr59;emmanagy@knifemail.com;Emma;Nagy;Poland;Krakow;plac Wszystkich ?wi?tych 3-4, 31-004 Krak�w?;1
158;balazsaurora;Rt9@Hp24;aurorabalazs@knifemail.com;Aurora;Balazs;Poland;Wroclaw;Rze?nicza 32/33, 50-130 Wroc?aw?;1
159;molnarbianca;Fs4!Xz73;biancamolnar@knifemail.com;Bianca;Molnar;Poland;Lodz;Dowborczyk�w 18, 90-019 ?�d??;1
160;novakmonica;Nc7@Qv95;monicanovak@knifemail.com;Monica;Novak;Poland;Poznan;Ceglana 15, 60-001 Pozna??;1
161;polakcristina;Vp6#Tk82;cristinapolak@knifemail.com;Cristina;Polak;Poland;Gdansk;Ulica Podhala?ska 2, 80-322 Gda?sk?;1
162;svobodagreta;Hr9!Fy38;gretasvoboda@knifemail.com;Greta;Svoboda;Czech Republic;Prague;Kopretinov� 13, 10600 Prague?;1
163;urbanalessia;Dm8@Qn71;alessiaurban@knifemail.com;Alessia;Urban;Czech Republic;Brno;Havelk� 65, 60200 Brno?;1
164;dvorakgiorgia;Pj5!Vz46;giorgiadvorak@knifemail.com;Giorgia;Dvorak;Czech Republic;Ostrava;Proke�ovo n�m?st� 8, 72930 Ostrava?;1
165;havelisabella;Xt9@Gw63;isabellahavel@knifemail.com;Isabella;Havel;Slovakia;Bratislava;N�mestie SNP 32, 81101 Bratislava?;1
166;novotnycecilia;Lf7#Hy28;cecilianovotny@knifemail.com;Cecilia;Novotny;Czech Republic;Ostrava;Proke�ovo n�m?st� 8, 72930 Ostrava?;1
167;kralrosa;Cq8!Dr91;rosakral@knifemail.com;Rosa;Kral;Czech Republic;Plzen;�i�kova 850, 30100 Plzen?;1
168;cernyfrida;Mk6@Vt54;fridacerny@knifemail.com;Frida;Cerny;Russia;Moscow;??????? ????? 17, 125284 Moscow?;1
169;benesemily;Jz9!Lp41;emilybenes@knifemail.com;Emily;Benes;Russia;Saint Petersburg;Nevsky Prospekt 28, 191186 Saint Petersburg?;1
170;stepanekgrace;Sw7@Qr52;gracestepanek@knifemail.com;Grace;Stepanek;Russia;Novosibirsk;??????? ???????? 234, 630007 Novosibirsk?;1
171;rusnakhannah;Xp8#Td65;hannahrusnak@knifemail.com;Hannah;Rusnak;Russia;Yekaterinburg;???????? ?????? 156, 620075 Yekaterinburg?;1
172;veselyolivia;Vh9!Lr31;oliviavesely@knifemail.com;Olivia;Vesely;Russia;Kazan;Bauman Street 17, 420000 Kazan?;1
173;kozakjennifer;Nf6@Qz74;jenniferkozak@knifemail.com;Jennifer;Kozak;Russia;Nizhny Novgorod;Ulitsa Rozhdestvenskaya 25, 603003 Nizhny Novgorod?;1
174;petrovmelissa;Kt8!Vp59;melissapetrov@knifemail.com;Melissa;Petrov;Russia;Chelyabinsk;Prospect Karla Marksa 12, 454000 Chelyabinsk?;1
175;smirnovjessica;Gq7@Hr38;jessicasmirnov@knifemail.com;Jessica;Smirnov;Russia;Omsk;Ulitsa Lermontova 2, 644000 Omsk?;1
176;volkovnatalie;Dz9#Tf64;natalievolkov@knifemail.com;Natalie;Volkov;Russia;Samara;Ulitsa Kuibysheva 10, 443000 Samara?;1
177;ivanovsophia;Vc5!Qp87;sophiaivanov@knifemail.com;Sophia;Ivanov;Russia;Rostov-on-Don;Ulitsa Bolshaya Sadovaya 45, 344000 Rostov-on-Don?;1
178;morozovmegan;Qh8!Dz64;meganmorozov@knifemail.com;Megan;Morozov;Russia;Ufa;Ulitsa Lenina 50, 450000 Ufa?;1
179;sokolovabigail;Lf7@Xc93;abigailsokolov@knifemail.com;Abigail;Sokolov;Russia;Krasnoyarsk;Ulitsa Mira 15, 660000 Krasnoyarsk?;1
180;popovchloe;Nv4#Gr82;chloepopov@knifemail.com;Chloe;Popov;Russia;Perm;Ulitsa Komsomolsky 20, 614000 Perm?;1
181;kuznetsovella;Tm9!Qp25;ellakuznetsov@knifemail.com;Ella;Kuznetsov;Russia;Voronezh;Ulitsa Lenina 10, 394000 Voronezh?;1
182;egorovzoe;Rk2$Ht78;zoeegorov@knifemail.com;Zoe;Egorov;Russia;Volgograd;Ulitsa Krasnoarmeyskaya 12, 400000 Volgograd?;1
183;medvedevkatie;Zj6@Vn41;katiemedvedev@knifemail.com;Katie;Medvedev;Russia;Krasnodar;Ulitsa Krasnaya 25, 350000 Krasnodar?;1
184;vasilievamelia;Wx7!Lc59;ameliavasiliev@knifemail.com;Amelia;Vasiliev;Russia;Saratov;Ulitsa Radishcheva 8, 410000 Saratov?;1
185;nikiforovevelyn;Hp8#Qz36;evelynnikiforov@knifemail.com;Evelyn;Nikiforov;Russia;Tyumen;Ulitsa Respubliki 30, 625000 Tyumen?;1
186;baranovrachel;Bg9^Rt42;rachelbaranov@knifemail.com;Rachel;Baranov;Russia;Tolyatti;Ulitsa Yubileynaya 5, 445000 Tolyatti?;1
187;frolovjulia;Cy5!Kn83;juliafrolov@knifemail.com;Julia;Frolov;Russia;Izhevsk;Ulitsa Lenina 22, 426000 Izhevsk?;1
188;zaitsevvictoria;Dw3@Jm71;victoriazaitsev@knifemail.com;Victoria;Zaitsev;Russia;Barnaul;Ulitsa Lenina 18, 656000 Barnaul?;1
189;orlovclaire;Es8$Vp96;claireorlov@knifemail.com;Claire;Orlov;Russia;Ulyanovsk;Ulitsa Goncharova 15, 432000 Ulyanovsk?;1
190;karpovlucy;Fq6!Xr37;lucykarpov@knifemail.com;Lucy;Karpov;Russia;Irkutsk;Ulitsa Lenina 100, 664000 Irkutsk?;1
191;gavrilovnora;Got5@Lz82;noragavrilov@knifemail.com;Nora;Gavrilov;Russia;Khabarovsk;Ulitsa Muravyova-Amurskogo 20, 680000 Khabarovsk?;1
192;lebedevhazel;Ha9!Bt54;hazellebedev@knifemail.com;Hazel;Lebedev;Russia;Yaroslavl;Ulitsa Svobody 12, 150000 Yaroslavl?;1
193;antonovrebecca;Ib4#Qv69;rebeccaantonov@knifemail.com;Rebecca;Antonov;Russia;Vladivostok;Ulitsa Svetlanskaya 25, 690000 Vladivostok?;1
194;semenovirene;Jp8!Zn21;irenesemenov@knifemail.com;Irene;Semenov;Russia;Makhachkala;Ulitsa KorK 10, 367000 Makhachkala?;1
195;beloveva;Kf7^Mw63;evabelov@knifemail.com;Eva;Belov;Russia;Tomsk;Ulitsa Lenina 33, 634000 Tomsk?;1
196;tarasovangela;Lu9@Dr58;angelatarasov@knifemail.com;Angela;Tarasov;Russia;Orenburg;Ulitsa Pobedy 5, 460000 Orenburg?;1
197;melnikovstella;Mg4!Ht72;stellamelnikov@knifemail.com;Stella;Melnikov;Russia;Novokuznetsk;Ulitsa Kirova 40, 654000 Novokuznetsk?;1
198;pavlovsabrina;Ni5$Vj83;sabrinapavlov@knifemail.com;Sabrina;Pavlov;Russia;Kemerovo;Ulitsa Lenina 28, 650000 Kemerovo?;1
199;popescumaya;Op7!Qy24;mayapopescu@knifemail.com;Maya;Popescu;Romania;Bucharest;Calea Giulesti 6-8, 060274 Bucharest?;1
200;ionescuamy;Pz2@Fw61;amyionescu@knifemail.com;Amy;Ionescu;Romania;Cluj-Napoca;Strada Agricultorilor 1, 400000 Cluj-Napoca?;1
201;stannaomi;Qs6#Rn94;naomistan@knifemail.com;Naomi;Stan;Romania;Timi?oara;Strada Cozla 8B, 300000 Timi?oara?;1
202;dumitresculara;Rt9!Lb35;laradumitrescu@knifemail.com;Lara;Dumitrescu;Romania;Ia?i;Str. Muncii Nr. 23, 700056 Ia?i?;1
203;raduionela;Su8@Kp47;ionelaradu@knifemail.com;Ionela;Radu;Romania;Constan?a;Calea Bucure?ti 106, 900000 Constan?a?;1
204;predapriamo;Tv5!Xm62;priamopreda@knifemail.com;Priamo;Preda;Romania;Bra?ov;Strada Libert??ii 45, 500000 Bra?ov?;1
205;neagufilippo;Uw3#Dq85;filipponeagu@knifemail.com;Filippo;Neagu;Romania;Craiova;Strada M?gura 10, 200000 Craiova?;1
206;tudoroh;Vx9@Hr71;ohtudor@knifemail.com;Oh;Tudor;Romania;Gala?i;Strada Alunis 12, 800000 Gala?i?;1
207;voicucatu;Wy8!Lj43;catuvoicu@knifemail.com;Catu;Voicu;Romania;Ploie?ti;Strada Libert??ii 20, 100000 Ploie?ti?;1
208;marinescumario;Xz6^Np29;mariomarinescu@knifemail.com;Mario;Marinescu;Romania;Oradea;Strada Tudor Vladimirescu 15, 410000 Oradea?;1
209;iordachelilly;Ya7!Gv56;lillyiordache@knifemail.com;Lilly;Iordache;Romania;Br?ila;Strada Independentei 25, 810000 Br?ila?;1
210;popafarah;Zb9@Tw64;farahpopa@knifemail.com;Farah;Popa;Romania;Arad;Strada Avram Iancu 30, 310000 Arad?;1
211;munteanuclaudia;Ac8!Hr73;claudiamunteanu@knifemail.com;Claudia;Munteanu;Romania;Sibiu;Strada Cet??ii 10, 550000 Sibiu?;1
212;dinusauru;Bd4#Qp95;saurudinu@knifemail.com;Sauru;Dinu;Romania;Bac?u;Strada M?r??e?ti 12, 600000 Bac?u?;1
213;moldovanmelly;Ce7@Ln68;mellymoldovan@knifemail.com;Melly;Moldovan;Romania;T�rgu Mure?;Strada Revolu?iei 18, 540000 T�rgu Mure??;1
214;ciobanuciprian;Df5!Vx82;ciprianciobanu@knifemail.com;Ciprian;Ciobanu;Romania;Baia Mare;Strada Vasile Alecsandri 22, 430000 Baia Mare?;1
215;lazarmaya;Eg9^Mz37;mayalazar@knifemail.com;Maya;Lazar;Romania;Satu Mare;Strada Aurel Vlaicu 15, 440000 Satu Mare?;1
216;calincolin;Fh8!Ks42;colincalin@knifemail.com;Colin;Calin;Romania;Suceava;Strada Universit??ii 20, 720000 Suceava?;1
217;enacheisabella;Gi6@Wr75;isabellaenache@knifemail.com;Isabella;Enache;Romania;R�mnicu V�lcea;Strada Carol I 25, 260000 R�mnicu V�lcea?;1
218;dragomirpippo;Hj3$Xn64;pippodragomir@knifemail.com;Pippo;Dragomir;Romania;Pite?ti;Strada Neagoe Basarab 12, 110000 Pite?ti?;1
219;georgesculalla;Ik4!Qb79;lallageorgescu@knifemail.com;Lalla;Georgescu;Romania;Piatra Neam?;Strada ?tefan cel Mare 18, 610000 Piatra Neam??;1
220;florescumelissa;Jl8@Dp53;melissaflorescu@knifemail.com;Melissa;Florescu;Romania;Boto?ani;Strada Prim?riei 10, 710000 Boto?ani?;1
221;ricciardisimone;Km9#Ht61;simonericciardi@knifemail.com;Simone;Ricciardi;Italy;Ariano Irpino;Via Delle Palme 15, 83031 Ariano Irpino?;1
222;montesialessandro;Ln5!Vz82;alessandromontesi@knifemail.com;Alessandro;Montesi;Italy;Ariano Irpino;Via Delle Palme 15, 83031 Ariano Irpino?;1
223;florescufrancesca;Mo7@Qk39;francescaflorescu@knifemail.com;Francesca;Florescu;Italy;Eboli;Via Umberto I 45, 84025 Eboli?;1
224;cervigaia;Np9!Gr72;gaiacervi@knifemail.com;Gaia;Cervi;Italy;Melfi;Via Appia 20, 85025 Melfi?;1
225;valentimatteo;Oq4#Lj85;matteovalenti@knifemail.com;Matteo;Valenti;Italy;Melfi;Via Appia 20, 85025 Melfi?;1
226;vecchimirko;Pr8@Dx56;mirkovecchi@knifemail.com;Mirko;Vecchi;Italy;Rossano;Via XX Settembre 12, 87064 Rossano?;1
227;marchettimarko;Qs7!Wp91;markomarchetti@knifemail.com;Marko;Marchetti;Italy;Rossano;Via XX Settembre 12, 87064 Rossano?;1
228;grimaldimorko;Rt2!Kv38;morkogrimaldi@knifemail.com;Morko;Grimaldi;Italy;Tropea;Via Nazionale 30, 89861 Tropea?;1
229;bellandigiorgio;Su6^Lz75;giorgiobellandi@knifemail.com;Giorgio;Bellandi;Italy;Tropea;Via Nazionale 30, 89861 Tropea?;1
230;palombogiada;Tv9@Qr48;giadapalombo@knifemail.com;Giada;Palombo;Italy;Palmi;Via Garibaldi 18, 89015 Palmi?;1
231;farinellifarah;Uw5!Ny62;farahfarinelli@knifemail.com;Farah;Farinelli;Italy;Noto;Via Roma 25, 96017 Noto?;1
232;vitalimercuzio;Vx8#Gm19;mercuziovitali@knifemail.com;Mercuzio;Vitali;Italy;Avola;Via Avola 10, 96012 Avola?;1
233;battagliadaniela;Wy4!Bp97;danielabattaglia@knifemail.com;Daniela;Battaglia;Italy;Noto;Via Roma 25, 96017 Noto?;1
234;galbanielena;Xz7@Df83;elenagalbani@knifemail.com;Elena;Galbani;Italy;Sciacca;Via Roma 35, 92017 Sciacca?;1
235;d'angelonino;Ya3!Kt54;ninod'angelo@knifemail.com;Nino;D'Angelo;Italy;Mazara del Vallo;Via Mazara 22, 91026 Mazara del Vallo?;1
236;fiorellifiorello;Zb8$Vw62;fiorellofiorelli@knifemail.com;Fiorello;Fiorelli;Italy;Sciacca;Via Roma 35, 92017 Sciacca?;1
237;venturialessia;Ac9!Lp35;alessiaventuri@knifemail.com;Alessia;Venturi;Italy;Partinico;Via Partinico 8, 90028 Partinico?;1
238;scarpatacco;Bd5@Rn68;taccoscarpa@knifemail.com;Tacco;Scarpa;Italy;Misterbianco;Via Catania 15, 95121 Misterbianco?;1
239;berninialex;Ce6!Jv92;alexbernini@knifemail.com;Alex;Bernini;Italy;Francavilla Fontana;Via Roma 40, 74023 Francavilla Fontana?;1
240;caprinivaleria;Df7^Xq41;valeriacaprini@knifemail.com;Valeria;Caprini;France;Paris;Rue de Rivoli 10, 75001 Paris?;1
241;siliprandipiergiorgiofranco;Eg9!Hw83;piergiorgiofrancosiliprandi@knifemail.com;Piergiorgiofranco;Siliprandi;Switzerland;Lausanne;Avenue de la Gare 12, 1003 Lausanne?;1
242;taddeisimone;Fh4@Ts56;simonetaddei@knifemail.com;Simone;Taddei;Italy;Lecco;Via Roma 20, 23900 Lecco?;1
243;pisanipiso;Gi8#Kp74;pisopisani@knifemail.com;Piso;Pisani;Italy;Orvieto;Piazza del Duomo 5, 05018 Orvieto?;1
244;naldinadia;Hj2!Vn93;nadianaldi@knifemail.com;Nadia;Naldi;Italy;Siena;Via Esterna di Fontebranda 27, 53100 Siena?;1
245;cellericelina;Ik6@Qm52;celinacelleri@knifemail.com;Celina;Celleri;Italy;Lucca;Piazza San Michele 10, 55100 Lucca?;1
246;brunettibruno;Jl7!Rz89;brunobrunetti@knifemail.com;Bruno;Brunetti;Italia;Pistoia;Via Curtatone e Montanara 25, 51100 Pistoia?;1
247;costanzomaurizio;Km3#Yt45;mauriziocostanzo@knifemail.com;Maurizio;Costanzo;Italia;Pistoia;Via Curtatone e Montanara 25, 51100 Pistoia?;1
248;romaniriccardo;Ln5@Bp81;riccardoromani@knifemail.com;Riccardo;Romani;Italia;Prato;Via Roma 15, 59100 Prato?;1
249;caldarolacagilio;Mo8!Cq97;cagiliocaldarola@knifemail.com;Cagilio;Caldarola;Italia;Massa Carrara;Via Dante Alighieri 30, 54100 Massa Carrara;1
250;Rossi88;Rossi88.;Rossi88@gmail.com;Rossi;Rossi;Italy;Pesaro;Via Rossi 88;0
