usernameUtenti;idRistoranti
buonvinogino;Maté,Maté,Maté,Maté
tohnjohn;
baguettebenois;
pesciroberto;
palombasauro;
impeiluca;
rossidino;
novotarskymariia;
leonoscar;
pierimarco;
criscuololorenzo;
bigazzimattia;
hatajfiorello;
galassiniccolo;
demurtasarianna;
habiliragip;
vecchiatomichael;
ttuyungim;
ozmax;
shirocky;
pingliu;
cartasilvia;
stracciaantonio;
tottifrancesco;
virgolinifrancesco;
rossigiovanni;
bianchiandrea;
romanosimone;
colombostefano;
riccidaniele;
ferraririccardo;
morettipaolo;
grecodavide;
lombardiemanuele;
gallofilippo;
costasergio;
giordanopietro;
contimatteo;
de lucaenrico;
mancinialberto;
marinotommaso;
rizzogabriele;
carusoleonardo;
ferraroedoardo;
fontanagiuseppe;
barbierisalvatore;
martinifederico;
santoronicola;
gattimauro;
vitaleraffaele;
ferrijacopo;
monticristian;
serrakevin;
pellegriniloren;
longoethan;
gentilenoah;
martinooliver;
bernardiliam;
lorenziarthur;
de angelislucas;
parisibenjamin;
amicowilliam;
nerielijah;
brunojulian;
bianconathan;
marianiadrian;
guerravictor;
palmieridaniel;
rinaldisamuel;
testagabriel;
montanarijack;
giulianijames;
basileryan;
paganialex;
leonechristian;
bellinicarlos;
fabbrijuan;
salluis;
donatidiego;
cattaneomiguel;
orlandofernando;
vitolajose;
ruggieripablo;
sorrentinosantiago;
rizzimartin;
baroneandres;
sannamateo;
farinalucas;
valentinicolas;
silvestritommy;
piraspeter;
caputostefan;
mazziandrei;
grasomarkus;
pagliucahans;
de santistobias;
locatelliflorian;
rossettijonas;
fioreerik;
bernasconikarl;
moltenirene;
bertinimilan;
salajakub;
puglieseadam;
costantinitomas;
casiniivan;
mazzaviktor;
fiorentinolukas;
magnanipavel;
toscanomarek;
venturaroman;
pirijiri;
benedettifilip;
landirobert;
fabbromikhail;
coppolaartem;
serafinidmitri;
rivaalexei;
benettisergey;
alfieriigor;
carlinikita;
bassioleg;
ferrettivladislav;
rossiyuri;
bergmannalexandru;
m�llercristian;
fischerbogdan;
weberdragos;
schneidermihai;
huberflorin;
lehmannlucian;
wagnerpaul;
beckerradu;
kellercosmin;
reinhardtgabriela;
schulzchiara;
sommerlaura;
hofmannelena;
schr�derfedericha;
bauergiulia;
krausmartina;
brandtclara;
vogelbeatrice;
friedrichteresa;
zimmermannanna;
haascamilla;
langalice;
schmittelisa;
winternoemi;
sch�fervalentina;
k�nigsara;
grafpaola;
vargalucia;
kovacscarla;
horvathmaria;
szabosofia;
nagyemma;
balazsaurora;
molnarbianca;
novakmonica;
polakcristina;
svobodagreta;
urbanalessia;
dvorakgiorgia;
havelisabella;
novotnycecilia;
kralrosa;
cernyfrida;
benesemily;
stepanekgrace;
rusnakhannah;
veselyolivia;
kozakjennifer;
petrovmelissa;
smirnovjessica;
volkovnatalie;
ivanovsophia;
morozovmegan;
sokolovabigail;
popovchloe;
kuznetsovella;
egorovzoe;
medvedevkatie;
vasilievamelia;
nikiforovevelyn;
baranovrachel;
frolovjulia;
zaitsevvictoria;
orlovclaire;
karpovlucy;
gavrilovnora;
lebedevhazel;
antonovrebecca;
semenovirene;
beloveva;
tarasovangela;
melnikovstella;
pavlovsabrina;
popescumaya;
ionescuamy;
stannaomi;
dumitresculara;
raduionela;
predapriamo;
neagufilippo;
tudoroh;
voicucatu;
marinescumario;
iordachelilly;
popafarah;
munteanuclaudia;
dinusauru;
moldovanmelly;
ciobanuciprian;
lazarmaya;
calincolin;
enacheisabella;
dragomirpippo;
georgesculalla;
florescumelissa;
ricciardisimone;
montesialessandro;
florescufrancesca;
cervigaia;
valentimatteo;
vecchimirko;
marchettimarko;
grimaldimorko;
bellandigiorgio;
palombogiada;
farinellifarah;
vitalimercuzio;
battagliadaniela;
galbanielena;
d'angelonino;
fiorellifiorello;
venturialessia;
scarpatacco;
berninialex;
caprinivaleria;
siliprandipiergiorgiofranco;
taddeisimone;
pisanipiso;
naldinadia;
cellericelina;
brunettibruno;
costanzomaurizio;
romaniriccardo;
caldarolacagilio;1
Rossi88;8388
