@ -0,0 +1,1649 @@
Argentinian, Meats and Grills
Asian
Chinese
Chinese, Cantonese
Classic Cuisine
Emirati Cuisine
French
Greek
Indian
Italian
Japanese Contemporary
Lebanese
Lebanese, Armenian
Malaysian
Meats and Grills
Meats and Grills, Steakhouse
Mediterranean Cuisine
Mediterranean Cuisine, Creative
Mediterranean Cuisine, Lebanese
Middle Eastern
Modern Cuisine, Emirati Cuisine
Peruvian
Seafood
Spanish
Steakhouse, Meats and Grills
Contemporary
Contemporary, Creative
Traditional Cuisine
Creative, Modern Cuisine
Japanese
Argentinian
Country cooking
Creative
Grills
Grills, Argentinian
International
Israeli
Japanese, Sushi
Meats and Grills, Argentinian
Meats and Grills, Barbecue
Meats and Seafood, Grills
Modern Cuisine
Scandinavian, Contemporary
Steakhouse
Traditional Cuisine, Home Cooking
Vegan
Vegetarian
Vegetarian, Contemporary
Vegetarian, Vegan
Contemporary, Regional Cuisine
Farm to table
Seasonal Cuisine, Innovative
Traditional Cuisine, Argentinian
Traditional Cuisine, Creative
Regional Cuisine
Seasonal Cuisine, Creative
Creative, Seasonal Cuisine
Regional Cuisine, Seasonal Cuisine
Seasonal Cuisine, Modern Cuisine
Modern Cuisine, Seasonal Cuisine
Classic Cuisine, Seasonal Cuisine
Austrian, Regional Cuisine
Mediterranean Cuisine, Regional Cuisine
Regional Cuisine, Innovative
Seasonal Cuisine, Austrian
Regional Cuisine, Traditional Cuisine
Regional European
International, Seasonal Cuisine
European Contemporary
Contemporary, Seasonal Cuisine
Austrian
International, Farm to table
Modern Cuisine, International
Farm to table, Classic Cuisine
Seasonal Cuisine, Classic Cuisine
International, Regional Cuisine
Contemporary, Traditional Cuisine
Sharing, Contemporary
Seasonal Cuisine, Regional Cuisine
Innovative, Alpine
Modern Cuisine, Creative
Creative, International
International, Austrian
International, Mediterranean Cuisine
Seasonal Cuisine, International
Regional Cuisine, Asian Influences
Regional Cuisine, Creative
Country cooking, Regional Cuisine
French, International
Classic Cuisine, Austrian
Asian and Western
Regional Cuisine, Modern Cuisine
International, Contemporary
Seasonal Cuisine
Contemporary, French
Contemporary, Innovative
Creative French, Modern Cuisine
French Contemporary
Classic Cuisine, Contemporary
Fusion, Asian and Western
International, Sushi
Modern Cuisine, Classic Cuisine
Modern French
Regional Cuisine, Fusion
Alpine
Regional Cuisine, Classic Cuisine
Classic Cuisine, Traditional Cuisine
Austrian, International
Classic Cuisine, Regional Cuisine
Contemporary, Classic Cuisine
Fusion, Asian Influences
Modern Cuisine, Asian
Farm to table, International
Farm to table, Regional Cuisine
Modern Cuisine, Classic French
Creative, French
Classic Cuisine, International
International, Creative
Italian, Seasonal Cuisine
Modern Cuisine, Pizza
Regional Cuisine, International
Modern Cuisine, Austrian
Austrian, Farm to table
Traditional Cuisine, Regional Cuisine
Alpine, Regional Cuisine
Regional Cuisine, Austrian
Classic Cuisine, Modern Cuisine
Austrian, Modern Cuisine
Austrian, Traditional Cuisine
Country cooking, International
Country cooking, Seasonal Cuisine
Creative, Austrian
Creative, Classic Cuisine
French, Country cooking
Mediterranean Cuisine, Seasonal Cuisine
Traditional Cuisine, Classic Cuisine
Alpine, Modern Cuisine
International, Traditional Cuisine
International, Classic Cuisine
Seasonal Cuisine, Contemporary
Italian, Mediterranean Cuisine
Creative, Asian Influences
Farm to table, Classic French
French Contemporary, Regional Cuisine
Modern Cuisine, Regional Cuisine
Regional Cuisine, Contemporary
Traditional Cuisine, Asturian
Vegetarian, Seasonal Cuisine
Creative, Regional Cuisine
Regional Cuisine, Country cooking
Alpine, Classic Cuisine
Asian Contemporary
Austrian, Classic Cuisine
Classic French
Contemporary, Greek
Creative, Contemporary
Farm to table, Seasonal Cuisine
Fusion, Japanese Contemporary
Japanese Contemporary, Classic Cuisine
Mediterranean Cuisine, Modern Cuisine
Modern Cuisine, South American
Seafood, Classic Cuisine
Seasonal Cuisine, Farm to table
Traditional Cuisine, International
Vegetarian, Creative
Classic Cuisine, Creative
Traditional Cuisine, Seafood
Modern Cuisine, Italian
Asian Influences, Creative
Belgian, Classic Cuisine
Thai
Barbecue
Belgian
Cantonese, Chinese Contemporary
Chinese, Sichuan
Contemporary, Modern French
Creative French
Creative French, Modern French
Creative, Modern French
Farm to table, French Contemporary
Farm to table, Vegetarian
French Contemporary, Classic French
French Contemporary, Creative
French Contemporary, International
French, Belgian
Fusion, Italian Contemporary
Italian Contemporary
Italian, Modern Cuisine
Modern Cuisine, Creative French
Modern Cuisine, French
Sharing
Sharing, International
Traditional Cuisine, Meats and Grills
Turkish, Modern Cuisine
Vegan, Farm to table
Vietnamese
Modern French, Modern Cuisine
French Contemporary, Creative French
Lebanese, Middle Eastern
Thai, Asian
Modern French, Farm to table
Classic French, Traditional Cuisine
Traditional Cuisine, French
Seasonal Cuisine, French Contemporary
Contemporary, Mediterranean Cuisine
Farm to table, Contemporary
Classic French, Seasonal Cuisine
Creative French, Farm to table
Seasonal Cuisine, Country cooking
Traditional Cuisine, Farm to table
Country cooking, Modern Cuisine
Creative French, Fusion
Creative, Farm to table
Traditional Cuisine, Modern French
Mediterranean Cuisine, Sardinian
French Contemporary, Modern French
Asian Influences
Country cooking, Farm to table
Creative French, Creative
Farm to table, Creative
Farm to table, Creative French
Farm to table, Modern French
Flemish, Regional Cuisine
Teppanyaki, Asian Influences
World Cuisine
Belgian, Traditional Cuisine
Classic Cuisine, Belgian
Classic Cuisine, Country cooking
Classic Cuisine, Italian
Creative, Organic
Italian, Sicilian
Modern French, Creative
Organic, Farm to table
Roman
Seasonal Cuisine, Belgian
Seasonal Cuisine, French
Traditional Cuisine, Belgian
Traditional Cuisine, Classic French
Home Cooking
French Contemporary, Seasonal Cuisine
Modern Cuisine, Farm to table
Farm to table, Modern Cuisine
Modern Cuisine, Modern French
Meats and Grills, Grills
Modern French, International
Traditional Cuisine, Country cooking
Classic Cuisine, Classic French
Creative, Italian
Modern French, Classic French
Organic, Modern Cuisine
Modern French, World Cuisine
Modern Cuisine, French Contemporary
Modern French, French
Modern Cuisine, Contemporary
Classic Cuisine, French Contemporary
Grills, Meats and Grills
Flemish
French, Classic Cuisine
Organic
Spanish Contemporary
Vegetarian, Seafood
World Cuisine, Creative French
Beef, Farm to table
Chinese, Organic
Italian, Organic
French, Farm to table
Modern French, Creative French
French, Creative French
French Contemporary, Asian Influences
French, Modern Cuisine
Grills, Classic Cuisine
Mediterranean Cuisine, Farm to table
French, Asian Influences
French, Classic French
Cuisine from South West France, Country cooking
Farm to table, Traditional Cuisine
Korean, Asian
Organic, Vegetarian
Modern French, French Contemporary
Meats and Grills, Classic Cuisine
Modern Cuisine, Seafood
World Cuisine, Farm to table
Belgian, Classic French
Fusion
Mexican
Thai, Traditional Cuisine
Creative French, Belgian
Modern French, Mediterranean Cuisine
Modern French, Seasonal Cuisine
Country cooking, Traditional Cuisine
Modern French, Cuisine from the Marches
Country cooking, Creative French
Grills, Traditional Cuisine
Classic Cuisine, Modern French
Organic, Modern French
Organic, Creative
Seasonal Cuisine, Grills
Creative French, Traditional Cuisine
Meats and Grills, Classic French
Seasonal Cuisine, World Cuisine
Creative French, Seasonal Cuisine
Classic French, Italian Contemporary
Belgian, French
French, Traditional Cuisine
Modern French, Seafood
Creative, Creative French
Contemporary, Farm to table
Korean Contemporary
Meats and Grills, Modern French
Modern Cuisine, Organic
Sharing, Country cooking
Vegetarian, Organic
Vietnamese Contemporary
Chinese, Fusion
Traditional Cuisine, Sharing
Home Cooking, Creative French
Seafood, Classic French
Modern Cuisine, Country cooking
Farm to table, French
Modern French, Fusion
Country cooking, Classic French
Modern French, Traditional Cuisine
Italian, Modern French
Classic Cuisine, Creative French
Classic French, Country cooking
Modern Cuisine, Asian Influences
Brazilian
Brazilian, Contemporary
Contemporary, Fusion
European, Italian
Meats and Grills, International
Modern Cuisine, Innovative
Modern Cuisine, Mediterranean Cuisine
Portuguese
Spanish, Rice Dishes
Brazilian, Farm to table
Brazilian, Grills
Brazilian, Modern Cuisine
Brazilian, Pork
Creative, Brazilian
Farm to table, Home Cooking
French Contemporary, South American
French, Regional Cuisine
Italian, Brazilian
Italian, Creative
Japanese, Farm to table
Korean
Modern Cuisine, Brazilian
Peruvian, Farm to table
South American
Taiwanese
Chinese, Contemporary
Indian, South Indian
Barbecue, American
American
American, Asian
Armenian
Caribbean, Latin American
Central Asian
Chinese, Dumplings
Contemporary, Seafood
Contemporary, Vegetarian
Creative, Bakery
Deli
Egyptian, Regional Cuisine
Filipino
French, Contemporary
French, Seafood
French, Steakhouse
Fusion, Chinese
Gastropub
Indian, Regional Cuisine
Italian, Contemporary
Italian, Pizza
Italian, Roman
Italian, Seafood
Italian, Vegetarian
Jamaican
Japanese, Contemporary
Japanese, Ramen
Korean, Fusion
Mediterranean Cuisine, Contemporary
Mexican, Regional Cuisine
Mexican, Vegan
Northern Thai
Steakhouse, Seafood
Thai, Southern Thai
Asian, Contemporary
Asian, Japanese
Cantonese, Chinese
Cantonese, Seafood
Chinese, Dim Sum
Chinese, Duck Specialities
Chinese, Regional Cuisine
Chinese, Shaanxi
Chinese, Taiwanese
Contemporary, Italian
Contemporary, Modern Cuisine
Contemporary, North American
Fusion, Contemporary
Greek, Mediterranean Cuisine
Italian, North American
Italian, Regional Cuisine
Italian, Spanish Contemporary
Italian, Venetian
Japanese, Seafood
Moroccan, Regional Cuisine
Persian, Regional Cuisine
Peruvian, Regional Cuisine
Seafood, Contemporary
Seafood, North American
Spanish, Small eats
Steakhouse, North American
Thai, Regional Cuisine
Udon, Japanese
Vegan, North American
Vietnamese, Cambodian
Vietnamese, Regional Cuisine
Vietnamese, Vegetarian
Turkish
Beijing Cuisine
Cantonese
Chao Zhou
Chinese Contemporary
Dongbei
Dumplings
Fujian
Hotpot
Huaiyang
Hubei
Hui Cuisine
Hunanese
Innovative
Jiangzhe
Ningbo
Noodles
Shandong
Shanghainese
Sichuan
Taizhou
Yunnanese
Cantonese, Sichuan
European
Small eats
Congee
Dim Sum
Hainanese
Huaiyang, Sichuan
Noodles and Congee
Singaporean
Xibei
Hang Zhou
Latin American
Zhejiang
Chinese Contemporary, Cantonese
Jiangzhe, Cantonese
Noodles, Shanghainese
Tempura
Cantonese, Fujian
Traditional Cuisine, Seasonal Cuisine
Mediterranean Cuisine, Meats and Grills
Regional Cuisine, Meats and Grills
Balkan, Meats and Grills
Croatian
Contemporary, Croatian
Mediterranean Cuisine, Classic Cuisine
Japanese Contemporary, Fusion
Seasonal Cuisine, Mediterranean Cuisine
Seafood, Mediterranean Cuisine
Mediterranean Cuisine, Seafood
Creative, Mediterranean Cuisine
Italian Contemporary, Modern Cuisine
Japanese, International
Seafood, Modern Cuisine
Traditional Cuisine, Mediterranean Cuisine
Modern Cuisine, Meats and Grills
Classic Cuisine, Seafood
Asian Influences, Asian and Western
Croatian, Contemporary
Japanese, Asian
Japanese, Fusion
Mediterranean Cuisine, Croatian
Czech, Contemporary
Italian, Czech
Danish
Smørrebrød
Contemporary, European Contemporary
Danish, Country cooking
Danish, Seasonal Cuisine
Italian and Japanese
Italian, Classic Cuisine
Smørrebrød, Danish
Smørrebrød, Seasonal Cuisine
Thai, Contemporary
Modern Cuisine, Danish
Asian, American
Balkan
Basque
British Contemporary
Contemporary, Middle Eastern
Indian Vegetarian
Italian, International
Meats and Seafood
Mediterranean Cuisine, French
Persian
Seafood, Asian
Traditional British
Asian Influences, Modern Cuisine
Modern Cuisine, European
Modern Cuisine, Russian
Finnish
Modern Cuisine, Finnish
Basque, Traditional Cuisine
Provençal
Thai, Asian Contemporary
Mediterranean Cuisine, Traditional Cuisine
Teppanyaki, Japanese
Classic Cuisine, Mediterranean Cuisine
Provençal, Mediterranean Cuisine
Fusion, Creative
Traditional Cuisine, Modern Cuisine
Breton
Farm to table, Cuisine from South West France
Creative, Vegetarian
Corsican
Modern Cuisine, Traditional Cuisine
Provençal, Modern Cuisine
Fusion, Mexican
Seafood, Grills
Meats and Grills, Traditional Cuisine
Burgundian
Alsatian
Fusion, Modern Cuisine
Seafood, Traditional Cuisine
Modern Cuisine, Alsatian
Filipino, Creative
Catalan
Traditional Cuisine, Alsatian
Traditional Cuisine, Contemporary
Modern Cuisine, Gastropub
Teppanyaki
Alsatian, Traditional Cuisine
Creative, Seafood
Modern Cuisine, Grills
Mediterranean Cuisine, Asian Influences
Provençal, Classic Cuisine
Traditional Cuisine, Provençal
Corsican, Country cooking
Lyonnaise
Lyonnaise, Traditional Cuisine
Ramen
Modern Cuisine, Provençal
African
Barbecue, Argentinian
Italian, Provençal
Asian, Chinese
Thai, Japanese
Mediterranean Cuisine, Italian
Mediterranean Cuisine, Sharing
Sushi, Japanese
Vegetarian, Mediterranean Cuisine
Chinese, Shanghainese
Cuisine from South West France
Israeli, Middle Eastern
Japanese, Barbecue
Japanese, Creative
Korean, Modern Cuisine
Lebanese, Vegetarian
Mediterranean Cuisine, Israeli
Modern Cuisine, Japanese
Moroccan
South East Asian
Traditional Cuisine, Lyonnaise
Vegan, Japanese
Yakitori, Japanese
Seafood, Regional Cuisine
Traditional Cuisine, Cuisine from Franche-Comté
Modern Cuisine, Catalan
Provençal, Contemporary
Savoyard
Seafood, Creative
Modern Cuisine, Corsican
Alsatian, Country cooking
Traditional Cuisine, Grills
Italian, Campanian
Classic Cuisine, French
Classic French, Mediterranean Cuisine
Regional European, Country cooking
Country cooking, Classic Cuisine
Country cooking, Mediterranean Cuisine
Classic French, Farm to table
Classic Cuisine, Farm to table
Innovative, Regional Cuisine
Farm to table, Country cooking
Mediterranean Cuisine, International
Regional Cuisine, Farm to table
Classic French, Classic Cuisine
Seasonal Cuisine, Traditional Cuisine
Mediterranean Cuisine, Country cooking
Country cooking, Home Cooking
International, Modern Cuisine
Classic French, Creative
Classic French, International
Vegetarian, Farm to table
Creative, Classic French
German, Home Cooking
Asian and Western, International
Asian, German
Chinese, French
Creative, Innovative
French, German
German, Modern Cuisine
German, Seasonal Cuisine
International, Asian
International, French
International, Italian
Israeli, Contemporary
Israeli, Modern Cuisine
Japanese Contemporary, Creative
Modern Cuisine, German
Modern French, Contemporary
South East Asian, Vietnamese
Vegan, Modern Cuisine
German
Seasonal Cuisine, Italian Contemporary
Japanese, Modern Cuisine
Contemporary, International
Contemporary, Meats and Grills
Asian, Fusion
Austrian, Country cooking
Japanese, Traditional Cuisine
Creative French, International
Regional Cuisine, Norwegian
Thai, International
International, Country cooking
Farm to table, German
German, Contemporary
Italian, Tuscan
International, French Contemporary
Spanish Contemporary, Modern Cuisine
Creative, Alsatian
Farm to table, Bavarian
Modern French, Country cooking
Classic French, Modern Cuisine
International, Asian Influences
Japanese Contemporary, European
Japanese, Japanese Contemporary
Vegan, Creative
Asian Influences, Contemporary
Bavarian, Traditional Cuisine
Sharing, Regional Cuisine
Contemporary, Country cooking
Japanese Contemporary, South American
Peruvian, International
Classic French, Meats and Grills
Creative French, Classic Cuisine
Creative, Country cooking
Creative, North African
Farm to table, Mediterranean Cuisine
French, Provençal
International, Meats and Grills
International, Seafood
Japanese, Peruvian
Meats and Grills, American
Portuguese, Mediterranean Cuisine
Seafood, International
Seafood, Meats and Grills
Seafood, Vegetarian
French, Creative
Organic, Country cooking
French Contemporary, Farm to table
Italian, Farm to table
Italian, Traditional Cuisine
Classic Cuisine, Home Cooking
Mediterranean Cuisine, Greek
French, Mediterranean Cuisine
Country cooking, German
Regional Cuisine, Seafood
Country cooking, Contemporary
Sushi
Innovative, International
Bavarian, International
Classic French, French
French Contemporary, Classic Cuisine
International, Steakhouse
Italian, Italian Contemporary
Japanese Contemporary, Peruvian
Latin American, International
Meats and Grills, Seasonal Cuisine
Modern Cuisine, Japanese Contemporary
Vegetarian, Modern Cuisine
Classic French, Regional Cuisine
Asian Influences, Regional Cuisine
Bavarian, Seasonal Cuisine
Country cooking, French Contemporary
Classic French, French Contemporary
Bavarian, Grills
Innovative, Farm to table
International, Sharing
Regional Cuisine, Spanish
Country cooking, Bavarian
Home Cooking, Country cooking
International, Fusion
Country cooking, Regional European
Country cooking, French
French Contemporary, Modern Cuisine
French, European Contemporary
Grills, Mediterranean Cuisine
Izakaya, Sharing
Modern Cuisine, European Contemporary
Modern French, Classic Cuisine
Swabian, Farm to table
Home Cooking, International
Contemporary, Regional European
Creative, Fusion
Creative, Japanese
Creative, Greek
Greek, Contemporary
Mediterranean Cuisine, Asian
Mediterranean Cuisine, Fusion
Chiu Chow
Street Food
Swiss
Cantonese Roast Meats
European Contemporary, Grills
Indonesian
Shanghainese, Sichuan
Shun Tak
Yakitori
Italian-American
Singaporean and Malaysian
Xinjiang
Indian, Pakistani
Hungarian
International, South American
Meats and Grills, Latin American
Modern Cuisine, Hungarian
Modern Cuisine, Portuguese
Russian
Contemporary, Hungarian
Creative, Hungarian
Turkish, Creative
Irish
Irish, Modern Cuisine
Modern Cuisine, Irish
Indian, Modern Cuisine
Classic Cuisine, Irish
Cuisine from the Marches, Country cooking
Calabrian, Traditional Cuisine
Cuisine from Lazio, Creative
Sicilian, Traditional Cuisine
Ligurian, Creative
Piedmontese, Contemporary
Piedmontese, Italian Contemporary
Piedmontese, Mediterranean Cuisine
Piedmontese, Seafood
Piedmontese, Traditional Cuisine
Mediterranean Cuisine, Ligurian
Sardinian, Modern Cuisine
Sardinian, Traditional Cuisine
Modern Cuisine, South Tyrolean
Seafood, Italian
Campanian, Contemporary
Campanian, Mediterranean Cuisine
Mediterranean Cuisine, Italian Contemporary
Italian Contemporary, Creative
Seafood, Cuisine from the Marches
Apulian, Modern Cuisine
Tuscan
Emilian, Traditional Cuisine
Creative, Italian Contemporary
Cuisine from the Aosta Valley, Contemporary
Cuisine from the Aosta Valley, Traditional Cuisine
Modern Cuisine, Italian Contemporary
Cuisine from the Marches, Meats and Grills
Alpine, Traditional Cuisine
Sardinian, Mediterranean Cuisine
Venetian, Seasonal Cuisine
Italian Contemporary, Seasonal Cuisine
Campanian, Traditional Cuisine
Meats and Grills, Modern Cuisine
Cuisine from the Marches, Italian
Venetian, Traditional Cuisine
Cuisine from Abruzzo, Contemporary
Piedmontese, Country cooking
Alpine, Mediterranean Cuisine
Creative, Sicilian
Sicilian, Contemporary
Cuisine from Romagna, Modern Cuisine
Emilian, Classic Cuisine
Piedmontese, Farm to table
Contemporary, Piedmontese
Piedmontese
Emilian, Regional Cuisine
Contemporary, Campanian
Meats and Grills, Italian
Emilian
Cuisine from Valtellina
Tuscan, Modern Cuisine
Contemporary, Asian Influences
Italian, Meats and Grills
Tuscan, Meats and Grills
Emilian, Contemporary
Tuscan, Traditional Cuisine
Lombardian, Traditional Cuisine
Ligurian
Country cooking, Creative
Regional Cuisine, Alpine
Lombardian
Lombardian, Regional Cuisine
Steakhouse, Italian Contemporary
Cuisine from the Aosta Valley, Italian
Umbrian, Contemporary
Alpine, Seasonal Cuisine
Creative, Alpine
Venetian, Seafood
Country cooking, Grills
Sardinian
Seafood, Seasonal Cuisine
Emilian, Modern Cuisine
Sicilian, Modern Cuisine
Piedmontese, Modern Cuisine
Lombardian, Classic Cuisine
Modern Cuisine, Piedmontese
Piedmontese, Classic Cuisine
Umbrian
Fusion, Japanese
Creative, Umbrian
Contemporary, Tuscan
Cuisine from Lazio, Traditional Cuisine
Chinese, Modern Cuisine
Cuisine from Abruzzo
Cuisine from Lazio, Seafood
Modern Cuisine, Apulian
Cuisine from Abruzzo, Traditional Cuisine
Piedmontese, Seasonal Cuisine
Traditional Cuisine, Piedmontese
Campanian, Modern Cuisine
Campanian, Seafood
Seafood, Italian Contemporary
Sicilian, Country cooking
Cuisine from Basilicata
Classic Cuisine, Grills
Modern Cuisine, Tuscan
Tuscan, Creative
Umbrian, Traditional Cuisine
Mediterranean Cuisine, Grills
Mantuan, Lombardian
Italian Contemporary, Sicilian
Sicilian
Alpine, Creative
Seafood, Ligurian
Contemporary, Sicilian
Apulian, Country cooking
Apulian, Traditional Cuisine
Seafood, Cuisine from Romagna
Seafood, Campanian
Ligurian, Seafood
Contemporary, Italian Contemporary
Tuscan, Italian Contemporary
Cuisine from Abruzzo, Modern Cuisine
Cuisine from the Aosta Valley, Classic Cuisine
Italian Contemporary, Cuisine from the Aosta Valley
Seasonal Cuisine, Tuscan
Alpine, Contemporary
Country cooking, Alpine
Italian Contemporary, French
Contemporary, Alpine
Tuscan, Contemporary
Classic Cuisine, Alpine
Regional Cuisine, Italian Contemporary
Lombardian, Country cooking
Japanese, Classic Cuisine
Italian Contemporary, Emilian
Apulian
Innovative, Umbrian
Emilian, Country cooking
Ligurian, Contemporary
Venetian, Classic Cuisine
Venetian, Modern Cuisine
Seasonal Cuisine, Alpine
Modern Cuisine, Campanian
Lombardian, Contemporary
Emilian, Seasonal Cuisine
Cuisine from the Marches, Traditional Cuisine
Cuisine from Abruzzo, Seasonal Cuisine
Italian Contemporary, Seafood
Ligurian, Classic Cuisine
Asian Contemporary, Dim Sum
Italian Contemporary, International
Italian Contemporary, Tuscan
Tuscan, Classic Cuisine
Tuscan, Country cooking
Tuscan, Home Cooking
Italian Contemporary, Grills
Cuisine from Romagna, Seasonal Cuisine
Venetian
Cuisine from Lazio
Cuisine from Lazio, Classic Cuisine
Traditional Cuisine, Italian
Classic Cuisine, Italian Contemporary
Modern Cuisine, Ligurian
Cuisine from Abruzzo, Seafood
Mantuan, Seasonal Cuisine
Italian Contemporary, Mediterranean Cuisine
Cuisine from Lazio, Home Cooking
Italian Contemporary, Regional Cuisine
Meats and Grills, Umbrian
Emilian, Meats and Grills
Creative, Calabrian
Apulian, Seafood
Italian Contemporary, Country cooking
Seafood, Sicilian
Cuisine from Romagna
Traditional Cuisine, Apulian
Cuisine from the Marches, Creative
Contemporary, Lombardian
Mantuan, Modern Cuisine
Cuisine from Basilicata, Country cooking
Friulian, Seasonal Cuisine
Piedmontese, Regional Cuisine
Cuisine from Basilicata, Modern Cuisine
Cuisine from Basilicata, Traditional Cuisine
Cuisine from Valtellina, Modern Cuisine
Italian Contemporary, Vegan
Cantonese, Contemporary
Chinese, Asian
Chinese, Asian Contemporary
Contemporary, Grills
Farm to table, Italian Contemporary
Fusion, Asian Contemporary
Indian, Asian
International, Small eats
Italian Contemporary, Asian Influences
Italian Contemporary, Venetian
Japanese Contemporary, Modern Cuisine
Japanese, Asian Contemporary
Lombardian, Modern Cuisine
Mediterranean Cuisine, Sicilian
Milanese, Lombardian
Peruvian, Asian Influences
Roman, Italian
Contemporary, Apulian
Seafood, Venetian
Contemporary, Emilian
Piedmontese, Italian
Contemporary, Ligurian
Contemporary, Cuisine from the Marches
Traditional Cuisine, Tuscan
Ligurian, Seasonal Cuisine
Tuscan, Regional Cuisine
Cuisine from the Aosta Valley, Regional Cuisine
Campanian
Campanian, Italian Contemporary
Pizza
Ligurian, Traditional Cuisine
Campanian, Classic Cuisine
Ligurian, Modern Cuisine
Umbrian, Creative
Cuisine from the Marches, Modern Cuisine
Country cooking, Organic
South American, Grills
Meats and Grills, Mediterranean Cuisine
Cuisine from Abruzzo, Meats and Grills
Italian Contemporary, Classic Cuisine
Creative, Campanian
Tuscan, Seasonal Cuisine
Sicilian, Creative
Regional Cuisine, South Tyrolean
Italian Contemporary, Italian
Meats and Grills, Contemporary
Modern Cuisine, Cuisine from Abruzzo
Mantuan, Classic Cuisine
Campanian, Home Cooking
Lombardian, Italian
Country cooking, Italian Contemporary
Emilian, Home Cooking
Sardinian, Home Cooking
Country cooking, Asian Influences
Mantuan, Italian Contemporary
Italian Contemporary, Ligurian
Seafood, Apulian
Cuisine from Romagna, Traditional Cuisine
Calabrian, Classic Cuisine
Cuisine from Lazio, Seasonal Cuisine
Japanese Contemporary, Japanese
Mediterranean Cuisine, Roman
Roman, Classic Cuisine
Roman, Cuisine from Lazio
Roman, Farm to table
Roman, Mediterranean Cuisine
Roman, Traditional Cuisine
Cuisine from Basilicata, Italian
Italian Contemporary, Vegetarian
South Tyrolean, Seasonal Cuisine
Cuisine from the Aosta Valley, Modern Cuisine
Country cooking, Cuisine from the Marches
Pizza, Sharing
Venetian, Country cooking
Friulian, Traditional Cuisine
Modern Cuisine, Calabrian
Sicilian, Classic Cuisine
Modern Cuisine, Alpine
Modern Cuisine, Cuisine from Romagna
Sicilian, Seafood
Sardinian, Creative
Creative, Emilian
Italian Contemporary, Lombardian
Italian Contemporary, Japanese
Cuisine from Valtellina, Lombardian
Seafood, Fish and Chips
Italian Contemporary, Contemporary
Fusion, Regional Cuisine
Cuisine from Valtellina, Traditional Cuisine
Innovative, Contemporary
Umbrian, Modern Cuisine
Cuisine from Romagna, Regional Cuisine
Apulian, Contemporary
Apulian, Creative
Indonesian, Fusion
Calabrian, Contemporary
Innovative, Italian Contemporary
Italian Contemporary, Piedmontese
Mediterranean Cuisine, Campanian
Peruvian, Japanese
Seafood, Friulian
Cuisine from the Marches, Italian Contemporary
Country cooking, Campanian
Regional Cuisine, Mediterranean Cuisine
Tuscan, Grills
Seafood, Farm to table
Contemporary, Venetian
Campanian, Creative
Innovative, Lombardian
Classic Cuisine, Tuscan
406 Kameyacho, Nakagyo-ku, Kyoto, 604-0941, Japan
Beef
Duck Specialities
Izakaya
Kushiage
Obanzai
Oden
Shojin
Soba
Tempura, Japanese
Tonkatsu
Udon
Unagi / Freshwater Eel
Yoshoku
Fugu / Pufferfish
Japanese, Tempura
Mexican, Contemporary
Teppanyaki, Okonomiyaki
Chicken Specialities
Contemporary, Spanish Contemporary
Crab Specialities
French, French Contemporary
Nepali
Onigiri
Pork
Spanish, Contemporary
Sri Lankan
Sukiyaki
Tonkatsu, Yoshoku
Yakitori, French
Fusion, Mediterranean Cuisine
Meats and Grills, Country cooking
Home Cooking, Grills
French, Seasonal Cuisine
Hunanese, Sichuan
Macanese
Peranakan
Hakkanese
Indian, Contemporary
Malaysian, Contemporary
Malaysian, Indonesian
Malaysian, Peranakan
Teochew
Thai contemporary
Thai, Burmese
World Cuisine, International
Asian, Mediterranean Cuisine
Asian, International
South American, Fusion
Traditional Cuisine, Mexican
Mexican, Fusion
Mexican, Vegetarian
Contemporary, Mexican
Creative, Mexican
Grills, International
International, Mexican
Mexican, Creative
Mexican, Mediterranean Cuisine
Mexican, Traditional Cuisine
Seafood, Mexican
Mexican, Seafood
Fusion, Indian
Mexican, International
Mexican, Modern Cuisine
Regional Cuisine, Mexican
Mexican, Bakery
Creative French, Regional Cuisine
South African, Modern Cuisine
Contemporary, Creative French
Creative, Scandinavian
Farm to table, Italian
French, Fusion
Modern Cuisine, Fusion
Modern French, Vegetarian
Peruvian, World Cuisine
Portuguese, Asian Influences
Savoyard, Creative
Farm to table, Vegan
Modern French, Home Cooking
Organic, Creative French
Mediterranean Cuisine, Spanish
Modern Cuisine, Sushi
Spanish Contemporary, Creative
World Cuisine, Modern French
Modern French, Asian Influences
Indonesian, Balinese
Asian Influences, World Cuisine
Creative, Asian Contemporary
Grills, Meats and Seafood
Modern Cuisine, Asian Contemporary
Scandinavian, Country cooking
French, Modern French
Modern Cuisine, Sharing
Organic, Vegan
Classic French, Creative French
Meats and Grills, Creative
Creative, World Cuisine
Modern Cuisine, Cuisine from the Marches
Creative, French Contemporary
Modern Cuisine, Scandinavian
Seafood, French
South American, Asian
Asian, Asian Influences
Modern Cuisine, Greek
Creative French, French Contemporary
Vegetarian, French
Modern Cuisine, Indonesian
Barbecue, Grills
Contemporary, Sharing
Asian Contemporary, Sharing
Norwegian
Norwegian, Contemporary
Scandinavian
Norwegian, Modern Cuisine
Vegan, Vegetarian
Spanish, Mediterranean Cuisine
Japanese, Korean
Meats and Grills, Seafood
Ramen, Japanese
Meats and Grills, Regional Cuisine
Traditional Cuisine, Portuguese
Creative, Portuguese
Australian Contemporary
Portuguese, Contemporary
International, Grills
Regional European, Contemporary
Grills, Contemporary
Portuguese, Creative
Middle Eastern, Fusion
Peruvian, Japanese Contemporary
Sri Lankan, South Indian
Balkan, International
Balkan, Traditional Cuisine
European, International
International, Asian and Western
International, Balkan
Modern Cuisine, Balkan
Californian, Asian Contemporary
Innovative, Singaporean
Teochew, Cantonese
Modern Cuisine, Regional European
Regional Cuisine, Pizza
Regional Cuisine, Grills
European, Mediterranean Cuisine
Regional European, Farm to table
Farm to table, Regional European
Traditional Cuisine, Organic
Bulgogi
Dwaeji-gukbap
Dwaeji-gukbap, Korean
Kalguksu
Naengmyeon
Noodles, Taiwanese
Unagi / Freshwater Eel, Japanese
Asian, Singaporean
Chueotang
Contemporary, American Contemporary
Contemporary, Japanese Contemporary
Contemporary, Korean
Contemporary, Korean Contemporary
Contemporary, Scandinavian
Doganitang
Dubu
Gejang
Gomtang
Innovative, Korean
Jokbal
Korean, Classic Cuisine
Korean, Korean Contemporary
Korean, Seasonal Cuisine
Mandu
Memil-guksu
Seolleongtang
Sujebi
Vegan, Chinese
Yukhoe
Contemporary, Galician
Galician
Galician, Traditional Cuisine
Rice Dishes
Contemporary, Andalusian
Creative, Castilian
Creative, Asturian
Catalan, Traditional Cuisine
Contemporary, Catalan
Fusion, Peruvian
Mediterranean Cuisine, Catalan
World Cuisine, Contemporary
Rice Dishes, Traditional Cuisine
Andalusian
Seafood, Galician
Mediterranean Cuisine, French Contemporary
Traditional Cuisine, Fusion
Lamb Specialities, Regional European
Creative, Andalusian
Rice Dishes, Seafood
Asturian, Contemporary
Creative, Italian and Japanese
Creative, Traditional Cuisine
Fusion, International
Peruvian, Fusion
Fusion, Farm to table
Farm to table, Andalusian
Traditional Cuisine, Spanish
Grills, Seafood
Pork, Regional Cuisine
Farm to table, Meats and Seafood
Creative, Catalan
Asian Contemporary, Peruvian
Farm to table, Seafood
Farm to table, Meats and Grills
Traditional Cuisine, Rice Dishes
Asturian
Castilian
Colombian
Contemporary, Basque
Creative, Dumplings
Japanese Steakhouse
Modern Cuisine, Andalusian
Contemporary, Castilian
Rice Dishes, Farm to table
Modern Cuisine, Spanish
Galician, Creative
Catalan, Seasonal Cuisine
Rice Dishes, Regional Cuisine
Traditional Cuisine, Innovative
Spanish, Fusion
Fusion, Traditional Cuisine
Catalan, Contemporary
Traditional Cuisine, Catalan
Galician, Contemporary
Andalusian, Farm to table
Catalan, Grills
Modern Cuisine, Rice Dishes
Regional Cuisine, Rice Dishes
Meats and Grills, Regional European
Seafood, Catalan
Grills, Farm to table
Creative, Spanish
Traditional Cuisine, Galician
Scandinavian, Swedish
Modern Cuisine, Swedish
Swedish
Regional Cuisine, Swedish
Swedish, Modern Cuisine
Swedish, Small eats
Asian, Sushi
Scandinavian, Farm to table
Thai-Chinese
Mediterranean Cuisine, Swiss
World Cuisine, Fusion
Cheese, Fondue and Raclette, Swiss
Seasonal Cuisine, Vegetarian
Modern Cuisine, Vegetarian
French Contemporary, Sharing
Asian and Western, Modern Cuisine
Traditional Cuisine, Swiss
Seasonal Cuisine, Modern French
Swiss, Traditional Cuisine
Classic French, Contemporary
French Contemporary, Innovative
International, Swiss
Farm to table, Piedmontese
Regional Cuisine, Swiss
Mediterranean Cuisine, Classic French
Swiss, Country cooking
Innovative, Italian
Creative, Swiss
Swiss, Mediterranean Cuisine
Alpine, Swiss
Fusion, Asian
Traditional Cuisine, Alpine
Innovative, Creative
Swiss, Regional Cuisine
Swiss, Farm to table
Japanese Contemporary, Seasonal Cuisine
Country cooking, Swiss
Swiss, International
Austrian, Seasonal Cuisine
Afghan
Innovative, Swiss
Sharing, Modern Cuisine
Turkish, Mediterranean Cuisine
Vegan, Innovative
Vegan, Seasonal Cuisine
Sichuan, Taiwanese
Singaporean, Contemporary
Taiwanese contemporary
Hunanese, Jiangzhe
Shabu-shabu
Isan
Isan, Thai
Korean, Contemporary
Small eats, Congee
Southern Thai
Spanish, Catalan
Thai, Isan
Thai-Chinese, Thai
Southern Thai, Contemporary
Thai-Chinese, Southern Thai
Cantonese, Modern Cuisine
Farm to table, Turkish
Grills, Turkish
Modern Cuisine, Turkish
Traditional Cuisine, Turkish
Asian and Western, World Cuisine
Asian Influences, Turkish
Contemporary, Turkish
Regional European, Turkish
Russian, Turkish
Turkish, Contemporary
Turkish, Grills
Turkish, Regional Cuisine
Turkish, Traditional Cuisine
Creative French, Country cooking
Meats and Grills, Turkish
Mediterranean Cuisine, Turkish
Organic, Seasonal Cuisine
Modern British
Traditional British, Mediterranean Cuisine
Seafood, Oyster Specialities
Vegetarian, Asian Influences
Asian, South American
Creative British
Traditional British, Regional Cuisine
Modern Cuisine, Scottish
Modern British, Contemporary
Modern British, Creative
Scottish, Traditional Cuisine
Seafood, Scottish
Modern British, Grills
Middle Eastern, Mediterranean Cuisine
Modern British, Regional Cuisine
Scottish, Modern British
African, Creative
American, Italian
Basque, Spanish
Californian, Modern Cuisine
Creole, Cajun
Eastern European
European Contemporary, European
Italian, Japanese Contemporary
Japanese Contemporary, Mediterranean Cuisine
Japanese, Izakaya
Latin American, European Contemporary
Lyonnaise, French
Meats and Grills, Traditional British
Mediterranean Cuisine, Middle Eastern
Mediterranean Cuisine, Rice Dishes
Mediterranean Cuisine, Traditional British
Middle Eastern, Vegetarian
Modern British, Modern Cuisine
Modern British, Seafood
Modern French, Alsatian
North African, Mediterranean Cuisine
Polish, Eastern European
Portuguese, Classic Cuisine
South African
South Indian, Sri Lankan
Sri Lankan, Contemporary
Thai, South East Asian
Creative British, Modern Cuisine
South American, Mediterranean Cuisine
Modern British, Sharing
Regional Cuisine, Traditional British
English
Seafood, Asian Influences
Modern Cuisine, Middle Eastern
Californian
Southern, American
Steakhouse, Regional Cuisine
Italian, Californian
Italian, Italian-American
Barbecue, Ethiopian
Contemporary, American
American, Classic Cuisine
American, Southern
Deli, American
Scottish, Southern
Southern
Tex-Mex
American, Contemporary
American, Regional Cuisine
Barbecue, Deli
Barbecue, Egyptian
Barbecue, Regional Cuisine
Contemporary, Steakhouse
Fusion, Ramen
Izakaya, Barbecue
Japanese, Shabu-shabu
Steakhouse, American
Venezuelan, Small eats
Barbecue, Asian
Persian, Grills
Greek, Seafood
Steakhouse, Californian
Californian, Contemporary
American, Mexican
American, Steakhouse
Balkan, Country cooking
Italian-American, Italian
Latin American, Regional Cuisine
American Contemporary
American Contemporary, Regional Cuisine
American, Californian
American, Grills
Cantonese, American
Contemporary, Bakery
Contemporary, Latin American
Contemporary, South East Asian
French Contemporary, Japanese
Italian-American, Contemporary
Italian, American
Japanese, American
Japanese, Soba
Mediterranean Cuisine, American Contemporary
Middle Eastern, Lebanese
Middle Eastern, Regional Cuisine
Polish, Dumplings
Seafood, Spanish
Taiwanese, Asian
Venezuelan, Latin American
Seafood, Shellfish Specialities
Steakhouse, Contemporary
French, Californian
Californian, Seasonal Cuisine
Contemporary, Californian
European, Californian
Mexican, Californian
American, American Contemporary
American, Gastropub
Chinese, American
Croatian, Italian
Deli, Italian
Ethiopian
Filipino, Contemporary
Filipino, Cuban
Fusion, Creole
Gastropub, American Contemporary
Gastropub, English
Indian, Fusion
Italian-American, Regional Cuisine
Japanese, Okonomiyaki
Korean, American
Lebanese, Contemporary
Pizza, American
Pizza, Italian
Seafood, Latin American
South East Asian, Indian
Southern, Creole
Southern, Regional Cuisine
Spanish, Spanish Contemporary
Steakhouse, American Contemporary
Cuban, Regional Cuisine
Burmese
American Contemporary, Meats and Seafood
French, American
Fusion, Vietnamese
Thai, American
Contemporary, Shellfish Specialities
Contemporary, Southern
Israeli, Mediterranean Cuisine
Italian, Gastropub
Lao, Street Food
Italian-American, Pizza
Californian, Creative
Barbecue, Tex-Mex
Pakistani, Indian
Vietnamese, Noodles
Californian, Pizza
Peruvian, Latin American
Contemporary, Japanese
Californian, Farm to table
Mediterranean Cuisine, American
Barbecue, Mexican
Southern, International
Sushi, Contemporary
Vietnamese, Contemporary
Indian, Classic Cuisine
Asian, Taiwanese
Californian, Seafood
Californian, Vegetarian
Contemporary, Asian
Filipino, Fusion
Indian, Gastropub
Italian-American, American
Italian, Steakhouse
Izakaya, Sushi
Japanese Contemporary, Korean
Japanese, Sukiyaki
Japanese, Udon
Korean, Barbecue
Korean, Beef
Korean, Duck Specialities
Korean, Regional Cuisine
Latin American, American Contemporary
Mexican, Latin American
Middle Eastern, Californian
Pizza, Contemporary
Pizza, Italian-American
Californian, Mediterranean Cuisine
American, Seafood
Argentinian, Steakhouse
Bakery, American
Colombian, Latin American
Contemporary, Deli
Cuban
Cuban, Latin American
Korean, Steakhouse
Peruvian, Seafood
Mexican, Tex-Mex
Chinese, Hunanese and Sichuan
Californian, Italian
Seafood, American
Central Asian, Regional Cuisine
Croatian, Seafood
American, Deli
Asian Contemporary, Fusion
Asian, Chicken Specialities
Cambodian
Classic French, Asian
Contemporary, Alsatian
Contemporary, Chinese
Contemporary, European
Contemporary, French Contemporary
Contemporary, Italian-American
Czech
English, Contemporary
Ethiopian, Fusion
French Contemporary, Contemporary
French, Asian
Fusion, American
Indonesian, South East Asian
Italian, French
Italian, Sardinian
Japanese, Seasonal Cuisine
Japanese, Yakitori
Korean, Vegetarian
Pizza, American Contemporary
South East Asian, Seafood
Spanish, Seafood
Sri Lankan, Indian
Steakhouse, Italian
Thai, Fusion
Vegan, Italian-American
Vegan, Southern
Vietnamese, Modern Cuisine
Californian, American
Colombian, Contemporary
Japanese, Curry
Thai, Californian
Indonesian, Thai and Vietnamese
American, Bakery
Cuban, American
Japanese, Onigiri
Lao
Peruvian, Contemporary
Steakhouse, Spanish
Vietnamese, French
Greek, Californian
Indian, Californian
Tibetan
Contemporary, Asian Contemporary
Jamaican, Caribbean
American, International
Italian, Milanese
Moroccan, Mexican
Seafood, Californian
Thai, Lao
Californian, American Contemporary
Californian, French
Filipino, Californian
Japanese, Californian
Malaysian, Californian
Mediterranean Cuisine, Californian
Mexican, Persian
Moroccan, Contemporary
Moroccan, Middle Eastern
Pizza, Californian
Seafood, Italian-American
South East Asian, Californian
Vegan, Asian
Ethiopian, American
Portuguese, Californian
Portuguese, Regional Cuisine
Contemporary, Vietnamese
International, American Contemporary
Noodles, Asian
Puerto Rican
Cuban, Spanish
Nepali, Indian
Southern, Steakhouse
Cantonese, Asian
Mediterranean Cuisine, Gastropub
Chinese, Beijing Cuisine
African, Caribbean
American, French
Asian, Dim Sum
Asian, Ramen
Asian, Sichuan
Caribbean
Caribbean, Regional Cuisine
Contemporary, Caribbean
Creole, Creative
Ethiopian, Regional Cuisine
International, American
Japanese, Steakhouse
Middle Eastern, Grills
Seafood, Barbecue
South East Asian, Lao
Spanish, Basque
Sushi, Japanese Contemporary
Vegetarian, Latin American
Fusion, Sushi